hotel_name,pca_pc1,pca_pc2,var_ratio_pc1,var_ratio_pc2
AnkAkyaka Apart Hotel,2.2204460492503132e-17,-8.326672684688674e-18,0.14285302031674968,0.12456620760643757
Panamara Otel,1.1102230246251566e-17,-1.0408340855860843e-17,0.17142097854757543,0.13325239759831234
Panamare Apart & Hotel Akyaka,-1.1102230246251566e-17,1.4432899320127036e-16,0.13133290163795922,0.12715739895588507
Kerme Ottoman Gökova,-8.049116928532385e-17,-3.3306690738754695e-17,0.14029558464544062,0.1261070211511467
Erdem Otel,-1.0547118733938987e-16,-1.1102230246251566e-17,0.14397015795143844,0.12883770018383242
Raymar Hotels Muğla,-1.6653345369377347e-17,-4.9960036108132046e-17,0.2308464369078212,0.1867103028353812
Liya Boutique Hotel & Suites / Villa Yonca,6.106226635438361e-17,1.0269562977782698e-16,0.13448330507685125,0.1226068859467383
İskelem Butik Otel,-4.4408920985006264e-17,2.4980018054066023e-17,0.1548906406669662,0.13476227007047495
Nova Aparts Otel,-4.85722573273506e-17,2.8102520310824274e-17,0.15093538920584645,0.1367042928427657
Mosso Boutique Hotel,-4.9343245538895844e-17,1.2335811384723961e-17,0.16673820450519353,0.1400613435162059
Muğla Hotel,-1.1102230246251565e-16,-2.0816681711721685e-17,0.19631541006090006,0.16000950114843157
Mevsim Otel - Akyaka Otel,0.0,-2.2204460492503132e-17,0.23588249264302008,0.20593942807180007
Santo Akyaka Home,-2.6294755846385285e-17,-8.618836638537399e-17,0.10309231982956744,0.0974350382453038
TN&CO Exclusive CIP Suites/Primeclass Rooms,-9.43689570931383e-17,-3.608224830031759e-17,0.1511772593251035,0.1316466817998573
Nehir Butik Otel,5.551115123125783e-18,2.7755575615628915e-18,0.15126710686933773,0.1333002020408132
Summer Otel,9.402201239794295e-17,4.614364446098307e-17,0.23292382598913156,0.18239815961446076
Hotel Azmakhan,-3.3306690738754695e-17,-5.551115123125783e-17,0.14667801465550653,0.1396916772295589
Su Apart Otel Akyaka,3.3306690738754695e-17,-2.8102520310824274e-17,0.1837493916033862,0.13762093517184731
Yücelen Otel Akyaka,-1.0547118733938987e-16,1.3322676295501878e-16,0.13397145478925018,0.12713316240950107
Ala Butik Hotel,-9.992007221626409e-17,1.1102230246251566e-17,0.18198433142615825,0.15326356925364723
Yelken Hotel Akyaka,2.7755575615628914e-17,-2.2204460492503132e-17,0.13115874497803562,0.12786220630104397
Moğla Taşhan otel,-1.1102230246251566e-17,-4.9960036108132046e-17,0.18152203412884746,0.16127903755934536
Koparan Apart,6.661338147750939e-17,-2.4980018054066023e-17,0.13795889079460516,0.12808923447030965
portofino apart,-6.800116025829084e-17,4.163336342344337e-17,0.14601582894945114,0.13007459217620157
Egehan Otel,-6.106226635438361e-17,-2.2204460492503132e-17,0.14920299174545334,0.13024844179864867
Padok Premium Hotel & Stables,5.551115123125783e-17,1.6653345369377347e-17,0.16871288416484265,0.12299003876538352
ÇALCALAR OTEL,6.661338147750939e-17,2.2204460492503132e-17,0.1492346201136361,0.13382892165233357
Meltem Hanım Konağı butik otel ve Restoran,-1.1102230246251566e-17,9.714451465470119e-18,0.14975027332692936,0.1409490110971726
Mercan Apart Akyaka,7.771561172376095e-17,-4.9960036108132046e-17,0.20520796236931224,0.16933668480014635
Nehir Apart Otel,-1.6653345369377347e-17,-3.3306690738754695e-17,0.22713247790616264,0.18466296748181754
Verde Suites Akyaka,-1.3877787807814457e-17,-3.3306690738754695e-17,0.16340520819031673,0.12696777255799888
Petek Hotel,-4.4408920985006264e-17,-2.2204460492503132e-17,0.14257914763847354,0.12740759437866095
Alp Suites Pinehill,-2.2204460492503132e-17,-1.0130785099704553e-16,0.137693192393518,0.13128954677557403
Teras Tepe Apart,4.4408920985006264e-17,1.554312234475219e-16,0.22925876270092393,0.2158226116433264
APART 48,8.881784197001253e-17,-2.4980018054066023e-17,0.23159860259204285,0.18822630835728246
Mevsim Apart,-5.551115123125783e-17,3.700743415417188e-17,0.45622647851846154,0.24747009406809356
Balèze Boutique Hotel,6.661338147750939e-17,3.8857805861880476e-17,0.1449978692597287,0.12557479194290816
Orkide Apart Hotel,1.1102230246251566e-17,5.551115123125783e-18,0.1513095890963425,0.13013023660479167
Ayka Otel,-7.771561172376095e-17,3.8857805861880476e-17,0.15400772046879985,0.13054685235879457
Kerme Ottoman Palace,-4.4408920985006264e-17,2.6367796834847467e-17,0.13921014676953372,0.1267474630296925
Alp Suites Lavanta,-1.6653345369377347e-17,-5.551115123125783e-17,0.1945611327048592,0.17527804930048263
Keramos Pansiyon Akyaka,-6.106226635438361e-17,-1.1102230246251566e-17,0.21043629308370032,0.19274806379137435
Hamle Hotel,-4.9960036108132046e-17,2.2204460492503132e-17,0.1433246366420984,0.1309754077264668
Alp Suites Mandalin,2.7755575615628914e-17,1.1102230246251566e-17,0.1471043981625747,0.12450403078786228
Tuna Otel,-2.2204460492503132e-17,-9.020562075079397e-18,0.14469300988613495,0.12521287925613298
Otel Arın,1.2335811384723961e-17,3.39234813079909e-17,0.23503304452149118,0.2141913034654495
Limon Apart,-5.551115123125783e-17,4.9960036108132046e-17,0.18604050863800234,0.141777615603783
Hotel Grand Azmakhan Spa & Wellness,1.1102230246251565e-16,6.106226635438361e-17,0.20429076376090613,0.1910004844776177
Akyaka Villa Marine Otel & Restoran,-9.992007221626409e-17,1.3322676295501878e-16,0.14669963193398636,0.12772098447228786
Alp Suites Safran,-1.8735013540549518e-17,-3.3306690738754695e-17,0.20076872434077467,0.1738076741988921
villa vali Akyaka Apart,1.4432899320127036e-16,-1.1102230246251566e-17,0.12987499411718537,0.1248899077855988
Carissa Otel,7.771561172376095e-17,5.967448757360216e-17,0.13404584657780225,0.12564216597192096
Hotel Caretta,-3.3306690738754695e-17,-4.4408920985006264e-17,0.16594668445692035,0.1396878092089754
Demircioğlu Park Hotel,7.771561172376095e-17,2.914335439641036e-17,0.1293248167033213,0.1268518203859298
BEACON HILL SUITES,6.696032617270476e-17,-1.1102230246251566e-17,0.14991753362170204,0.13402571373841424
Kiraz Cicegi Butik Otel Akyaka,3.8857805861880476e-17,5.551115123125783e-18,0.22505776584854778,0.21189218947185562
Merve Han Residence Hotel,0.0,-4.302114220422482e-17,0.1683543120913003,0.1303064947180206
XOX Apart Hotel,-2.2204460492503132e-17,-9.43689570931383e-17,0.14259894446823565,0.12929441889481974
Tuna Otel Rezidans,4.4408920985006264e-17,-2.2204460492503132e-17,0.19431768240009611,0.14764542571111908
Anayurt Oteli Akyaka,-7.216449660063518e-17,0.0,0.20983203543384835,0.19291781846523995
MSKÜ Akyaka Uygulama Oteli,6.106226635438361e-17,-3.3306690738754695e-17,0.23614252409010258,0.217860469287995
NİL HOTEL,-2.2204460492503132e-17,-4.9960036108132046e-17,0.18033588930209915,0.1278668917345754
Server Apart Hotel,0.0,-4.85722573273506e-17,0.15649068514024683,0.1321408880311319
Menteşede Oteller | Karya Apart Otel,-5.551115123125783e-18,-9.43689570931383e-17,0.18884533475654622,0.1491444322358456
Hotel Yalçın,0.0,0.0,0.16657552670353942,0.13507506945358544
Lacivert Otel Akyaka,9.020562075079397e-18,4.4408920985006264e-17,0.21495067920628225,0.1863374325657295
İzethan Hotel,7.216449660063518e-17,-6.661338147750939e-17,0.1603704212871828,0.13914011680554308
YAKABÜK TİNY HOUSE PANSİYON,3.3306690738754695e-17,4.9960036108132046e-17,0.23284301564052762,0.20841040086630025
Fabric Otel Akyaka,2.2204460492503132e-17,-2.3592239273284576e-17,0.23082626354981572,0.18153867099659332
HAFIZOĞLU OTEL,1.6653345369377348e-16,8.326672684688677e-17,1.0,2.0886626631653193e-32
Akyaka Azmak Apart,-4.4408920985006264e-17,-2.151057110211241e-17,0.14971809943552136,0.12186601533777651
Tuncer Otel,-2.2204460492503132e-17,1.27675647831893e-16,0.23322614467639688,0.22507133927864081
Gokturk Otel,-6.661338147750939e-17,5.551115123125783e-18,0.13838282322711318,0.12424038033367495
Yenice Vadi,-1.0408340855860843e-17,2.6367796834847467e-17,0.1380812313347398,0.12859990090312648
Yakabük Otel & Restaurant,-3.8857805861880476e-17,1.1102230246251566e-17,0.21280229818171498,0.19268061084053567
Ersöz Butik Otel,-4.4408920985006264e-17,-2.2204460492503132e-17,0.2083692200658367,0.2000503425597904
Göktürk Butik Otel,8.326672684688674e-17,-8.326672684688674e-17,0.7663402818245866,0.12889142302601622
Mira Apart,-5.551115123125783e-17,2.914335439641036e-17,0.22937926965291966,0.20050196144042515
Lena Apart,8.881784197001253e-17,6.106226635438361e-17,0.21758325650561608,0.20269303950362155
Feron Otel,-3.3306690738754695e-17,8.326672684688674e-18,0.21859646433129512,0.20116851768273916
Marina Port Otel Akyaka,-1.1102230246251566e-17,-2.2204460492503132e-17,0.2133882448973907,0.17485580770214762
Acar Pansiyon,4.4408920985006264e-17,-1.5265566588595904e-17,0.22984985993164733,0.1999999308163451
Cumba Apart,3.8857805861880476e-17,-3.8857805861880476e-17,0.2313759549774014,0.17890192572187005
Limon Otel,-7.771561172376095e-17,-5.2735593669694933e-17,0.1889873968818111,0.13435475664781424
KÖRFEZ OTEL & RESTAURANT,1.0547118733938987e-16,7.494005416219807e-17,0.2616006940145948,0.21685358755030082
Gaye Apart Hotel,9.43689570931383e-17,2.7755575615628914e-17,0.13392575739386758,0.12303429987760607
Dedeoğlu Apart,5.551115123125783e-17,1.3877787807814457e-16,0.25364357400460324,0.22997575200477544
MERKEZ APART PANSİYON,1.6653345369377347e-17,-3.3306690738754695e-17,0.1923776760806439,0.17290904955784164
Berlin Apart pansiyo,-1.304512053934559e-16,6.661338147750939e-17,0.1521418849394398,0.12929153535521462
Akyaka Apart Konaklama,4.9960036108132046e-17,1.1102230246251566e-17,0.2265857384970598,0.20829108791205245
Yener Apart,1.8041124150158794e-17,-2.2204460492503132e-17,0.22784243027006865,0.19769648520850758
Akyaka Yeşil Apart,2.2204460492503132e-17,-2.0816681711721684e-18,0.20282248439049524,0.144935855464667
Dinlen Apart Otel,2.7755575615628914e-17,8.210209988395744e-17,1.0,5.50034263441165e-32
Akyaka Tatil Apart,2.2204460492503132e-17,-1.6653345369377347e-17,0.1416439680618083,0.1320676628870704
Akyaka Apart Pansiyon,4.85722573273506e-17,-9.992007221626409e-17,0.21492105669971143,0.18931556966289256
Yeni sıtar apart,4.9960036108132046e-17,3.3306690738754695e-17,0.272484657137287,0.19288251083662997
Renklice Apart Evler,-6.661338147750939e-17,1.6653345369377347e-17,0.24693425771028008,0.23027532619486482
Akyaka apart mera,-3.469446951953614e-17,-5.551115123125783e-17,0.21402456181679588,0.19297152139899607
Sezgin Apart,8.326672684688674e-17,6.87791060272024e-17,1.0,2.5764937397197753e-32
Ceylan Apart,-6.106226635438361e-17,-1.9428902930940238e-17,0.23257162234613732,0.19887209988460416
Akyaka Özgem Apart Otel,0.0,-1.3877787807814458e-18,0.21478530963494502,0.18990695310944952
Esen Apart,5.551115123125783e-18,-1.3322676295501878e-16,0.2389446724466418,0.168027131075957
Can Apart ( Akyaka ),7.771561172376095e-17,3.3306690738754695e-17,0.23637941525681988,0.20162419589795322
İnci Apart,-5.551115123125783e-17,2.2204460492503132e-17,0.20586446613811807,0.1723704899433012
Gökova Şemkin Apart,-5.412337245047638e-17,-1.8041124150158794e-17,0.23300963288624757,0.21829800155435783
Palmiye Apart Otel,2.2204460492503132e-17,2.2204460492503132e-17,0.21654373517832493,0.18457857607188002
Uğurevler Apart,0.0,-2.2204460492503132e-17,0.2518137240847153,0.20730789497085286
Mevsim Apart - Akyaka Apart,4.163336342344337e-17,-1.0547118733938987e-16,0.21677055799047767,0.19960483961778802
Akyaka Zeytin Apart,8.881784197001253e-17,0.0,0.20796570891904398,0.20348989819729013
Elçin Kız Öğrenci Apartı,3.3306690738754695e-17,-2.2204460492503132e-17,0.24837474688056685,0.18656466813224382
İNCİLİ PANSİYON-OTEL-APART,-1.1102230246251566e-17,-1.6653345369377347e-17,0.23701748032666695,0.21587242892794437
Yatu Apart Otel,6.938893903907228e-17,6.938893903907228e-17,0.32536971028793166,0.32536971028793155
belgin pansiyon,5.551115123125783e-17,5.828670879282072e-17,0.18846417446080288,0.18258754288593795
Günışığı Apart,-3.3306690738754695e-17,4.4408920985006264e-17,0.21980408869191934,0.20417904577877932
Akasya Apart Otel (Akyaka),1.1102230246251566e-17,-2.2204460492503132e-17,0.22639775175623275,0.2055945311337186
Gülemce Apart & Villas,6.106226635438361e-17,1.1102230246251566e-17,0.1656694311070219,0.16124637729889163
Huzur Apart Otel,-2.2204460492503132e-17,-8.743006318923108e-17,0.17687380445414938,0.13775357115324016
PORTOFİNO APART ŞUBE,0.0,0.0,,
Ugur Apart Hotel,4.163336342344337e-18,4.4408920985006264e-17,0.22172698573685512,0.19690058383008863
Deger Apart Akyaka,6.661338147750939e-17,2.7755575615628914e-17,0.1869622944659553,0.14982675494548445
AŞKYAKA APART - SADECE SEZONLUK DAİRE KİRALIYORUZ,-3.8857805861880476e-17,1.1102230246251566e-17,0.2031801882932778,0.1878915789332438
Gülzade Konak Apart,2.2204460492503132e-17,3.053113317719181e-17,0.2210978886612979,0.20622253305236682
Mimoza Pansiyon,3.3306690738754695e-17,3.3306690738754695e-17,0.23678390741854147,0.19633281513560155
No22 Riders'Inn,1.8318679906315082e-16,0.0,0.13333406588638747,0.12869959183124816
Amber Suites Akyaka,2.2204460492503132e-17,-4.4408920985006264e-17,0.14822644163873072,0.1340368258986902
Kordon Otel & Apart Akyaka Ula Muğla,-3.3306690738754695e-17,-4.709774237277031e-17,0.15059287928526352,0.14149793227098156
Shimal Residences & Hotel,0.0,-2.7755575615628915e-18,0.19422816612037383,0.19110580139982378
Totelya Hotel,2.2204460492503132e-17,-4.9960036108132046e-17,0.1319903953278655,0.12129959775392565
Huzur Han Otel,4.4408920985006264e-17,0.0,0.200807240590806,0.1833325676592819
Akyaka Kaya Delsol Otel,0.0,-4.4408920985006264e-17,0.2094911326640367,0.17194448994681577
Akyaka Yali Capkini,1.1102230246251566e-17,-1.6653345369377347e-17,0.22988133444752035,0.21141991382790667
