hotel_name,topic_id,sentiment_score,avg_sentiment_label
APART 48,0,1.0,positive
APART 48,2,1.0,positive
Acar Pansiyon,1,1.0,positive
Acar Pansiyon,2,1.0,positive
Akasya Apart Otel (Akyaka),2,1.0,positive
Akyaka Apart Konaklama,0,1.0,positive
Akyaka Apart Konaklama,1,1.0,positive
Akyaka Apart Konaklama,2,1.0,positive
Akyaka Apart Pansiyon,0,1.0,positive
Akyaka Apart Pansiyon,1,1.0,positive
Akyaka Apart Pansiyon,2,1.0,positive
Akyaka Azmak Apart,0,1.0,positive
Akyaka Azmak Apart,1,1.0,positive
Akyaka Azmak Apart,2,1.0,positive
Akyaka Kaya Delsol Otel,0,1.0,positive
Akyaka Kaya Delsol Otel,1,1.0,positive
Akyaka Kaya Delsol Otel,2,1.0,positive
Akyaka Tatil Apart,0,1.0,positive
Akyaka Tatil Apart,1,1.0,positive
Akyaka Tatil Apart,2,1.0,positive
Akyaka Villa Marine Otel & Restoran,0,1.0,positive
Akyaka Villa Marine Otel & Restoran,1,1.0,positive
Akyaka Villa Marine Otel & Restoran,2,1.0,positive
Akyaka Yali Capkini,2,1.0,positive
Akyaka Yeşil Apart,0,1.0,positive
Akyaka Yeşil Apart,2,1.0,positive
Akyaka Zeytin Apart,0,1.0,positive
Akyaka Zeytin Apart,2,1.0,positive
Akyaka apart mera,0,1.0,positive
Akyaka apart mera,1,1.0,positive
Akyaka apart mera,2,1.0,positive
Akyaka Özgem Apart Otel,0,1.0,positive
Akyaka Özgem Apart Otel,1,1.0,positive
Akyaka Özgem Apart Otel,2,1.0,positive
Ala Butik Hotel,0,1.0,positive
Ala Butik Hotel,1,1.0,positive
Ala Butik Hotel,2,1.0,positive
Alp Suites Lavanta,0,1.0,positive
Alp Suites Lavanta,1,1.0,positive
Alp Suites Lavanta,2,1.0,positive
Alp Suites Mandalin,0,1.0,positive
Alp Suites Mandalin,1,1.0,positive
Alp Suites Mandalin,2,1.0,positive
Alp Suites Pinehill,0,1.0,positive
Alp Suites Pinehill,1,1.0,positive
Alp Suites Pinehill,2,1.0,positive
Alp Suites Safran,0,1.0,positive
Alp Suites Safran,1,1.0,positive
Alp Suites Safran,2,1.0,positive
Amber Suites Akyaka,0,1.0,positive
Amber Suites Akyaka,1,1.0,positive
Amber Suites Akyaka,2,1.0,positive
Anayurt Oteli Akyaka,0,1.0,positive
Anayurt Oteli Akyaka,1,1.0,positive
Anayurt Oteli Akyaka,2,1.0,positive
AnkAkyaka Apart Hotel,0,1.0,positive
AnkAkyaka Apart Hotel,1,1.0,positive
AnkAkyaka Apart Hotel,2,1.0,positive
Ayka Otel,0,1.0,positive
Ayka Otel,1,1.0,positive
Ayka Otel,2,1.0,positive
AŞKYAKA APART - SADECE SEZONLUK DAİRE KİRALIYORUZ,0,1.0,positive
AŞKYAKA APART - SADECE SEZONLUK DAİRE KİRALIYORUZ,1,1.0,positive
AŞKYAKA APART - SADECE SEZONLUK DAİRE KİRALIYORUZ,2,1.0,positive
BEACON HILL SUITES,0,1.0,positive
BEACON HILL SUITES,1,1.0,positive
BEACON HILL SUITES,2,1.0,positive
Balèze Boutique Hotel,0,1.0,positive
Balèze Boutique Hotel,1,1.0,positive
Balèze Boutique Hotel,2,1.0,positive
Berlin Apart pansiyo,0,1.0,positive
Berlin Apart pansiyo,1,1.0,positive
Berlin Apart pansiyo,2,1.0,positive
Can Apart ( Akyaka ),0,1.0,positive
Can Apart ( Akyaka ),2,1.0,positive
Carissa Otel,0,1.0,positive
Carissa Otel,1,1.0,positive
Carissa Otel,2,1.0,positive
Ceylan Apart,0,1.0,positive
Ceylan Apart,1,1.0,positive
Ceylan Apart,2,1.0,positive
Cumba Apart,0,1.0,positive
Cumba Apart,1,1.0,positive
Cumba Apart,2,1.0,positive
Dedeoğlu Apart,0,1.0,positive
Dedeoğlu Apart,2,1.0,positive
Deger Apart Akyaka,0,1.0,positive
Deger Apart Akyaka,1,1.0,positive
Deger Apart Akyaka,2,1.0,positive
Demircioğlu Park Hotel,0,1.0,positive
Demircioğlu Park Hotel,1,1.0,positive
Demircioğlu Park Hotel,2,1.0,positive
Dinlen Apart Otel,0,1.0,positive
Egehan Otel,0,1.0,positive
Egehan Otel,1,1.0,positive
Egehan Otel,2,1.0,positive
Elçin Kız Öğrenci Apartı,0,1.0,positive
Elçin Kız Öğrenci Apartı,1,1.0,positive
Elçin Kız Öğrenci Apartı,2,1.0,positive
Erdem Otel,0,1.0,positive
Erdem Otel,1,1.0,positive
Erdem Otel,2,1.0,positive
Ersöz Butik Otel,0,1.0,positive
Ersöz Butik Otel,1,1.0,positive
Ersöz Butik Otel,2,1.0,positive
Esen Apart,0,1.0,positive
Esen Apart,2,1.0,positive
Fabric Otel Akyaka,0,1.0,positive
Fabric Otel Akyaka,1,1.0,positive
Feron Otel,0,1.0,positive
Feron Otel,1,1.0,positive
Feron Otel,2,1.0,positive
Gaye Apart Hotel,0,1.0,positive
Gaye Apart Hotel,1,1.0,positive
Gaye Apart Hotel,2,1.0,positive
Gokturk Otel,0,1.0,positive
Gokturk Otel,1,1.0,positive
Gokturk Otel,2,1.0,positive
Gökova Şemkin Apart,0,1.0,positive
Gökova Şemkin Apart,2,1.0,positive
Göktürk Butik Otel,1,1.0,positive
Göktürk Butik Otel,2,1.0,positive
Gülemce Apart & Villas,1,1.0,positive
Gülemce Apart & Villas,2,1.0,positive
Gülzade Konak Apart,0,1.0,positive
Gülzade Konak Apart,1,1.0,positive
Gülzade Konak Apart,2,1.0,positive
Günışığı Apart,0,1.0,positive
Günışığı Apart,2,1.0,positive
HAFIZOĞLU OTEL,2,1.0,positive
Hamle Hotel,0,1.0,positive
Hamle Hotel,1,1.0,positive
Hamle Hotel,2,1.0,positive
Hotel Azmakhan,0,1.0,positive
Hotel Azmakhan,1,1.0,positive
Hotel Azmakhan,2,1.0,positive
Hotel Caretta,0,1.0,positive
Hotel Caretta,1,1.0,positive
Hotel Caretta,2,1.0,positive
Hotel Grand Azmakhan Spa & Wellness,0,1.0,positive
Hotel Grand Azmakhan Spa & Wellness,1,1.0,positive
Hotel Grand Azmakhan Spa & Wellness,2,1.0,positive
Hotel Yalçın,0,1.0,positive
Hotel Yalçın,2,1.0,positive
Huzur Apart Otel,0,1.0,positive
Huzur Apart Otel,1,1.0,positive
Huzur Apart Otel,2,1.0,positive
Huzur Han Otel,0,1.0,positive
Huzur Han Otel,1,1.0,positive
Huzur Han Otel,2,1.0,positive
Keramos Pansiyon Akyaka,2,1.0,positive
Kerme Ottoman Gökova,0,1.0,positive
Kerme Ottoman Gökova,1,1.0,positive
Kerme Ottoman Gökova,2,1.0,positive
Kerme Ottoman Palace,0,1.0,positive
Kerme Ottoman Palace,1,1.0,positive
Kerme Ottoman Palace,2,1.0,positive
Kiraz Cicegi Butik Otel Akyaka,0,1.0,positive
Kiraz Cicegi Butik Otel Akyaka,2,1.0,positive
Koparan Apart,0,1.0,positive
Koparan Apart,1,1.0,positive
Koparan Apart,2,1.0,positive
Kordon Otel & Apart Akyaka Ula Muğla,1,1.0,positive
Kordon Otel & Apart Akyaka Ula Muğla,2,1.0,positive
KÖRFEZ OTEL & RESTAURANT,0,1.0,positive
KÖRFEZ OTEL & RESTAURANT,1,1.0,positive
KÖRFEZ OTEL & RESTAURANT,2,1.0,positive
Lacivert Otel Akyaka,0,1.0,positive
Lacivert Otel Akyaka,1,1.0,positive
Lacivert Otel Akyaka,2,1.0,positive
Lena Apart,0,1.0,positive
Lena Apart,2,1.0,positive
Limon Apart,0,1.0,positive
Limon Apart,1,1.0,positive
Limon Apart,2,1.0,positive
Limon Otel,0,1.0,positive
Limon Otel,1,1.0,positive
Limon Otel,2,1.0,positive
Liya Boutique Hotel & Suites / Villa Yonca,1,1.0,positive
Liya Boutique Hotel & Suites / Villa Yonca,2,1.0,positive
MERKEZ APART PANSİYON,0,1.0,positive
MERKEZ APART PANSİYON,1,1.0,positive
MERKEZ APART PANSİYON,2,1.0,positive
MSKÜ Akyaka Uygulama Oteli,0,1.0,positive
MSKÜ Akyaka Uygulama Oteli,1,1.0,positive
MSKÜ Akyaka Uygulama Oteli,2,1.0,positive
Marina Port Otel Akyaka,0,1.0,positive
Marina Port Otel Akyaka,1,1.0,positive
Marina Port Otel Akyaka,2,1.0,positive
Meltem Hanım Konağı butik otel ve Restoran,0,1.0,positive
Meltem Hanım Konağı butik otel ve Restoran,1,1.0,positive
Meltem Hanım Konağı butik otel ve Restoran,2,1.0,positive
Menteşede Oteller | Karya Apart Otel,0,1.0,positive
Menteşede Oteller | Karya Apart Otel,1,1.0,positive
Menteşede Oteller | Karya Apart Otel,2,1.0,positive
Mercan Apart Akyaka,0,1.0,positive
Mercan Apart Akyaka,1,1.0,positive
Mercan Apart Akyaka,2,1.0,positive
Merve Han Residence Hotel,0,1.0,positive
Merve Han Residence Hotel,1,1.0,positive
Merve Han Residence Hotel,2,1.0,positive
Mevsim Apart,2,1.0,positive
Mevsim Apart - Akyaka Apart,0,1.0,positive
Mevsim Apart - Akyaka Apart,1,1.0,positive
Mevsim Apart - Akyaka Apart,2,1.0,positive
Mevsim Otel - Akyaka Otel,0,1.0,positive
Mevsim Otel - Akyaka Otel,1,1.0,positive
Mevsim Otel - Akyaka Otel,2,1.0,positive
Mimoza Pansiyon,0,1.0,positive
Mimoza Pansiyon,1,1.0,positive
Mimoza Pansiyon,2,1.0,positive
Mira Apart,2,1.0,positive
Mosso Boutique Hotel,0,1.0,positive
Mosso Boutique Hotel,1,1.0,positive
Mosso Boutique Hotel,2,1.0,positive
Moğla Taşhan otel,0,1.0,positive
Moğla Taşhan otel,1,1.0,positive
Moğla Taşhan otel,2,1.0,positive
Muğla Hotel,0,1.0,positive
Muğla Hotel,1,1.0,positive
Muğla Hotel,2,1.0,positive
Nehir Apart Otel,0,1.0,positive
Nehir Apart Otel,1,1.0,positive
Nehir Apart Otel,2,1.0,positive
Nehir Butik Otel,0,1.0,positive
Nehir Butik Otel,1,1.0,positive
Nehir Butik Otel,2,1.0,positive
No22 Riders'Inn,0,1.0,positive
No22 Riders'Inn,1,1.0,positive
No22 Riders'Inn,2,1.0,positive
Nova Aparts Otel,0,1.0,positive
Nova Aparts Otel,1,1.0,positive
Nova Aparts Otel,2,1.0,positive
NİL HOTEL,0,1.0,positive
NİL HOTEL,1,1.0,positive
NİL HOTEL,2,1.0,positive
Orkide Apart Hotel,0,1.0,positive
Orkide Apart Hotel,1,1.0,positive
Orkide Apart Hotel,2,1.0,positive
Otel Arın,0,1.0,positive
Otel Arın,1,1.0,positive
Otel Arın,2,1.0,positive
PORTOFİNO APART ŞUBE,2,1.0,positive
Padok Premium Hotel & Stables,0,1.0,positive
Padok Premium Hotel & Stables,1,1.0,positive
Padok Premium Hotel & Stables,2,1.0,positive
Palmiye Apart Otel,0,1.0,positive
Palmiye Apart Otel,2,1.0,positive
Panamara Otel,0,1.0,positive
Panamara Otel,1,1.0,positive
Panamara Otel,2,1.0,positive
Panamare Apart & Hotel Akyaka,0,1.0,positive
Panamare Apart & Hotel Akyaka,1,1.0,positive
Panamare Apart & Hotel Akyaka,2,1.0,positive
Petek Hotel,0,1.0,positive
Petek Hotel,1,1.0,positive
Petek Hotel,2,1.0,positive
Raymar Hotels Muğla,0,1.0,positive
Raymar Hotels Muğla,2,1.0,positive
Renklice Apart Evler,0,1.0,positive
Renklice Apart Evler,2,1.0,positive
Santo Akyaka Home,0,1.0,positive
Santo Akyaka Home,1,1.0,positive
Santo Akyaka Home,2,1.0,positive
Server Apart Hotel,0,1.0,positive
Server Apart Hotel,1,1.0,positive
Server Apart Hotel,2,1.0,positive
Sezgin Apart,1,1.0,positive
Shimal Residences & Hotel,0,1.0,positive
Shimal Residences & Hotel,2,1.0,positive
Su Apart Otel Akyaka,0,1.0,positive
Su Apart Otel Akyaka,1,1.0,positive
Su Apart Otel Akyaka,2,1.0,positive
Summer Otel,0,1.0,positive
Summer Otel,1,1.0,positive
Summer Otel,2,1.0,positive
TN&CO Exclusive CIP Suites/Primeclass Rooms,0,1.0,positive
TN&CO Exclusive CIP Suites/Primeclass Rooms,1,1.0,positive
TN&CO Exclusive CIP Suites/Primeclass Rooms,2,1.0,positive
Teras Tepe Apart,1,1.0,positive
Teras Tepe Apart,2,1.0,positive
Totelya Hotel,0,1.0,positive
Totelya Hotel,1,1.0,positive
Totelya Hotel,2,1.0,positive
Tuna Otel,0,1.0,positive
Tuna Otel,1,1.0,positive
Tuna Otel,2,1.0,positive
Tuna Otel Rezidans,0,1.0,positive
Tuna Otel Rezidans,1,1.0,positive
Tuna Otel Rezidans,2,1.0,positive
Tuncer Otel,0,1.0,positive
Tuncer Otel,1,1.0,positive
Tuncer Otel,2,1.0,positive
Ugur Apart Hotel,0,1.0,positive
Ugur Apart Hotel,1,1.0,positive
Ugur Apart Hotel,2,1.0,positive
Uğurevler Apart,0,1.0,positive
Uğurevler Apart,1,1.0,positive
Uğurevler Apart,2,1.0,positive
Verde Suites Akyaka,0,1.0,positive
Verde Suites Akyaka,1,1.0,positive
Verde Suites Akyaka,2,1.0,positive
XOX Apart Hotel,0,1.0,positive
XOX Apart Hotel,2,1.0,positive
YAKABÜK TİNY HOUSE PANSİYON,2,1.0,positive
Yakabük Otel & Restaurant,0,1.0,positive
Yakabük Otel & Restaurant,1,1.0,positive
Yakabük Otel & Restaurant,2,1.0,positive
Yatu Apart Otel,1,1.0,positive
Yatu Apart Otel,2,1.0,positive
Yelken Hotel Akyaka,0,1.0,positive
Yelken Hotel Akyaka,1,1.0,positive
Yelken Hotel Akyaka,2,1.0,positive
Yener Apart,0,1.0,positive
Yener Apart,1,1.0,positive
Yener Apart,2,1.0,positive
Yeni sıtar apart,0,1.0,positive
Yeni sıtar apart,1,1.0,positive
Yeni sıtar apart,2,1.0,positive
Yenice Vadi,0,1.0,positive
Yenice Vadi,1,1.0,positive
Yenice Vadi,2,1.0,positive
Yücelen Otel Akyaka,0,1.0,positive
Yücelen Otel Akyaka,1,1.0,positive
Yücelen Otel Akyaka,2,1.0,positive
belgin pansiyon,0,1.0,positive
belgin pansiyon,1,1.0,positive
belgin pansiyon,2,1.0,positive
portofino apart,0,1.0,positive
portofino apart,1,1.0,positive
portofino apart,2,1.0,positive
villa vali Akyaka Apart,0,1.0,positive
villa vali Akyaka Apart,1,1.0,positive
villa vali Akyaka Apart,2,1.0,positive
ÇALCALAR OTEL,0,1.0,positive
ÇALCALAR OTEL,1,1.0,positive
ÇALCALAR OTEL,2,1.0,positive
İNCİLİ PANSİYON-OTEL-APART,0,1.0,positive
İNCİLİ PANSİYON-OTEL-APART,1,1.0,positive
İNCİLİ PANSİYON-OTEL-APART,2,1.0,positive
İnci Apart,0,1.0,positive
İnci Apart,1,1.0,positive
İnci Apart,2,1.0,positive
İskelem Butik Otel,0,1.0,positive
İskelem Butik Otel,1,1.0,positive
İskelem Butik Otel,2,1.0,positive
İzethan Hotel,0,1.0,positive
İzethan Hotel,1,1.0,positive
İzethan Hotel,2,1.0,positive
